{"cameraMode":{"drawMode":0,"name":"Shaded","section":"Shading Mode"},"sceneLighting":false,"audioPlay":false,"sceneViewState":{"showFog":true,"showMaterialUpdate":false,"showSkybox":false,"showFlares":true,"showImageEffects":true,"showParticleSystems":true},"in2DMode":false,"pivot":{"x":0.0,"y":0.5311590433120728,"z":0.9249999523162842},"rotation":{"x":-0.03526117652654648,"y":0.7430145740509033,"z":-0.03928154334425926,"w":-0.6672150492668152},"size":5.768130779266357,"orthographic":false}