{"cameraMode":{"drawMode":0,"name":"Shaded","section":"Shading Mode"},"sceneLighting":false,"audioPlay":false,"sceneViewState":{"showFog":true,"showMaterialUpdate":false,"showSkybox":false,"showFlares":true,"showImageEffects":true,"showParticleSystems":true},"in2DMode":false,"pivot":{"x":0.0021251440048217775,"y":0.20719394087791444,"z":0.0008693486452102661},"rotation":{"x":0.017569229006767274,"y":-0.9392387270927429,"z":0.33945468068122866,"w":0.04850122332572937},"size":1.173935890197754,"orthographic":false}