{"cameraMode":{"drawMode":0,"name":"Shaded","section":"Shading Mode"},"sceneLighting":false,"audioPlay":false,"sceneViewState":{"showFog":true,"showMaterialUpdate":false,"showSkybox":false,"showFlares":true,"showImageEffects":true,"showParticleSystems":true},"in2DMode":false,"pivot":{"x":4.302000045776367,"y":1.6610000133514405,"z":-2.538494825363159},"rotation":{"x":0.029542703181505204,"y":-0.3204875886440277,"z":-0.009989013895392418,"w":-0.9467586874961853},"size":4.859780311584473,"orthographic":false}