{"cameraMode":{"drawMode":0,"name":"Shaded","section":"Shading Mode"},"sceneLighting":false,"audioPlay":false,"sceneViewState":{"showFog":true,"showMaterialUpdate":false,"showSkybox":false,"showFlares":true,"showImageEffects":true,"showParticleSystems":true},"in2DMode":false,"pivot":{"x":-0.3043295741081238,"y":-0.06241917610168457,"z":0.001240074634552002},"rotation":{"x":-0.17025260627269746,"y":0.050825294107198718,"z":-0.008776266127824784,"w":-0.9840812087059021},"size":7.385435581207275,"orthographic":false}