{"cameraMode":{"drawMode":0,"name":"Shaded","section":"Shading Mode"},"sceneLighting":false,"audioPlay":false,"sceneViewState":{"showFog":true,"showMaterialUpdate":false,"showSkybox":false,"showFlares":true,"showImageEffects":true,"showParticleSystems":true},"in2DMode":false,"pivot":{"x":0.15661799907684327,"y":0.02037634700536728,"z":-2.142930269241333},"rotation":{"x":-0.16734978556632996,"y":0.04493934288620949,"z":-0.007630532141774893,"w":-0.9848799109458923},"size":1.2335729598999024,"orthographic":false}