{"cameraMode":{"drawMode":0,"name":"Shaded","section":"Shading Mode"},"sceneLighting":false,"audioPlay":false,"sceneViewState":{"showFog":true,"showMaterialUpdate":false,"showSkybox":false,"showFlares":true,"showImageEffects":true,"showParticleSystems":true},"in2DMode":false,"pivot":{"x":-2.463338851928711,"y":0.0023927688598632814,"z":9.493751525878907},"rotation":{"x":-0.014753976836800576,"y":0.9850261211395264,"z":-0.13259708881378175,"w":-0.1094854399561882},"size":87.57193756103516,"orthographic":false}