{"cameraMode":{"drawMode":0,"name":"Shaded","section":"Shading Mode"},"sceneLighting":false,"audioPlay":false,"sceneViewState":{"showFog":true,"showMaterialUpdate":false,"showSkybox":false,"showFlares":true,"showImageEffects":true,"showParticleSystems":true},"in2DMode":false,"pivot":{"x":-9.600909233093262,"y":0.7138005495071411,"z":-2.838986396789551},"rotation":{"x":-0.06662968546152115,"y":-0.3353850245475769,"z":0.023797444999217988,"w":-0.9394403696060181},"size":3.6497464179992677,"orthographic":false}