{"cameraMode":{"drawMode":0,"name":"Shaded","section":"Shading Mode"},"sceneLighting":false,"audioPlay":false,"sceneViewState":{"showFog":true,"showMaterialUpdate":false,"showSkybox":false,"showFlares":true,"showImageEffects":true,"showParticleSystems":true},"in2DMode":false,"pivot":{"x":-1.8793299198150635,"y":-40.536781311035159,"z":8.565046310424805},"rotation":{"x":-0.15222319960594178,"y":-0.6225008964538574,"z":0.12508270144462586,"w":-0.7574710249900818},"size":143.9928436279297,"orthographic":false}